source_id,name,match_type,series,season,series_level,match_date,match_end_date,province,venue_name,match_director,contact,source_url
228,"Rimfire PR22 LP Provincial",pr22,pr22,2026,national,2026-07-18,,Limpopo,"Risla Range","Petrus Rasmus Jansen van Vuuren","Rassie 082 312 9112",https://www.precisionrifle.co.za/events/228
253,"Rimfire PR22 WC Provincial",pr22,pr22,2026,provincial,2026-07-26,,"Western Cape",Lourensford,"Handre van Niekerk",,https://www.precisionrifle.co.za/events/253
229,"Rimfire PR22 GP Provincial",pr22,pr22,2026,provincial,2026-08-15,,Gauteng,"Hippo Creek","Clive Mey","Clive Mey +27 83 701 4859",https://www.precisionrifle.co.za/events/229
240,"Rimfire PR22 WC Provincial",pr22,pr22,2026,provincial,2026-08-22,,"Western Cape","TBC - Western Cape","Angelo Van Zyl","Angelo Van Zyl 074 634 0330",https://www.precisionrifle.co.za/events/240
234,"Rimfire PR22 MP 2-Day National",pr22,pr22,2026,provincial,2026-08-29,2026-08-30,Mpumalanga,"TBC - Mpumalanga","Wayne Lesch","Wayne 0798834407",https://www.precisionrifle.co.za/events/234
230,"Rimfire PR22 GP Provincial",pr22,pr22,2026,provincial,2026-09-05,,Gauteng,"Ezemvulo Game Park","Eddie Kinnear","Eddie Kinear +27 82 821 0420",https://www.precisionrifle.co.za/events/230
242,"Rimfire PR22 GP Provincial",pr22,pr22,2026,provincial,2026-10-10,,Gauteng,Papaburg,,,https://www.precisionrifle.co.za/events/242
241,"Rimfire PR22 WC Provincial",pr22,pr22,2026,provincial,2026-10-31,,"Western Cape","TBC - Western Cape","Greg Sykes","Greg Sykes 083 378 0920",https://www.precisionrifle.co.za/events/241
235,"Rimfire PR22 GP 2-Day National Championship Match",pr22,pr22,2026,national,2026-11-07,2026-11-08,Gauteng,"TBC - Gauteng","Stelios Christofi","Stelios +27 82 515 5585",https://www.precisionrifle.co.za/events/235
