Stage,Rank,Name,HandleName,Nationality,Division,Impacts,SuccessRate,Dropped,Score,Progress,Time,Status
Stage: 1 Defend the Hill,1,Le Riche Coetzer Snr,Uncle_SAPRF,South Africa,Senior,10,83.33%,-2,83.33%,12/12,0.00,Completed
Stage: 1 Defend the Hill,2,Dehan Lotz,Lotz,South Africa,Open,9,75.00%,-3,75.00%,12/12,0.00,Completed
Stage: 1 Defend the Hill,3,Gerhard Slabbert,Gerhard,South Africa,Open,9,75.00%,-3,75.00%,12/12,0.00,Completed
Stage: 1 Defend the Hill,4,Hugo Coetzee,kleinplasie15,South Africa,Open,9,75.00%,-3,75.00%,12/12,0.00,Completed
Stage: 1 Defend the Hill,5,Jaco Bosman,JacoBos,South Africa,Open,9,75.00%,-3,75.00%,12/12,0.00,Completed
Stage: 1 Defend the Hill,6,Riaan  Kunneke ,Nunuz007,South Africa,Senior,8,66.67%,-4,66.67%,10/12,0.00,Completed
Stage: 1 Defend the Hill,7,Sean Graham,SeanGraham,South Africa,Open,8,66.67%,-4,66.67%,12/12,0.00,Completed
Stage: 1 Defend the Hill,8,Asharuf  Moorad ,Asharuf,South Africa,Open,7,58.33%,-5,58.33%,11/12,0.00,Completed
Stage: 1 Defend the Hill,9,Johan Symington,asymington,South Africa,Junior,7,58.33%,-5,58.33%,11/12,0.00,Completed
Stage: 1 Defend the Hill,10,Kobus Swart,kobusswart31,South Africa,Open,7,58.33%,-5,58.33%,12/12,0.00,Completed
Stage: 1 Defend the Hill,11,Malcolm  Coetzee,MalcolmCoetzee,South Africa,Open,7,58.33%,-5,58.33%,12/12,0.00,Completed
Stage: 1 Defend the Hill,12,Marieke Van Rooyen,Marieke,South Africa,Ladies,7,58.33%,-5,58.33%,8/12,0.00,Completed
Stage: 1 Defend the Hill,13,Dumisani Shabangu,Dumisani,South Africa,Open,6,50.00%,-6,50.00%,12/12,0.00,Completed
Stage: 1 Defend the Hill,14,Greg  Sykes,Gregs,South Africa,Senior,6,50.00%,-6,50.00%,10/12,0.00,Completed
Stage: 1 Defend the Hill,15,Jeanette Coetzee,JeanetteCoetzee,South Africa,Ladies,6,50.00%,-6,50.00%,12/12,0.00,Completed
Stage: 1 Defend the Hill,16,Kevin Goncalves,Kevo_,South Africa,Factory,6,50.00%,-6,50.00%,12/12,0.00,Completed
Stage: 1 Defend the Hill,17,Andre Symington,JohanSym,South Africa,Senior,5,41.67%,-7,41.67%,8/12,0.00,Completed
Stage: 1 Defend the Hill,18,Glen Clark ,Glen,South Africa,Senior,5,41.67%,-7,41.67%,10/12,0.00,Completed
Stage: 1 Defend the Hill,19,Ignatius Lambert,Skurmonkel,South Africa,Open,5,41.67%,-7,41.67%,10/12,0.00,Completed
Stage: 1 Defend the Hill,20,Pieter le Roux,gokinetix,South Africa,Factory,5,41.67%,-7,41.67%,11/12,0.00,Completed
Stage: 1 Defend the Hill,21,Stelios Christofi,Stel,South Africa,Factory,5,41.67%,-7,41.67%,10/12,0.00,Completed
Stage: 1 Defend the Hill,22,Werner Walkinshaw,WernerWW,South Africa,Open,5,41.67%,-7,41.67%,12/12,0.00,Completed
Stage: 1 Defend the Hill,23,Andre Steenkamp,andre_intouch,South Africa,Senior,4,33.33%,-8,33.33%,10/12,0.00,Completed
Stage: 1 Defend the Hill,24,Angelo van Zyl,AngeloZ,South Africa,Open,4,33.33%,-8,33.33%,12/12,0.00,Completed
Stage: 1 Defend the Hill,25,Liezel Foot,TheFoot,South Africa,Ladies,4,33.33%,-8,33.33%,10/12,0.00,Completed
Stage: 1 Defend the Hill,26,Andries Lategan,Lategan,South Africa,Senior,3,25.00%,-9,25.00%,10/12,0.00,Completed
Stage: 1 Defend the Hill,27,Handre van Niekerk,havn,South Africa,Factory,3,25.00%,-9,25.00%,10/12,0.00,Completed
Stage: 1 Defend the Hill,28,Grant Bower,GeeBee,South Africa,Factory,2,16.67%,-10,16.67%,9/12,0.00,Completed
Stage: 1 Defend the Hill,29,Wynand Brand,Wynand,South Africa,Open,0,0.00%,-12,0.00%,10/12,0.00,Completed
Stage: 2 Duck Hunting,1,Gerhard Slabbert,Gerhard,South Africa,Open,11,91.67%,-1,91.67%,12/12,0.00,Completed
Stage: 2 Duck Hunting,2,Le Riche Coetzer Snr,Uncle_SAPRF,South Africa,Senior,7,58.33%,-5,58.33%,11/12,0.00,Completed
Stage: 2 Duck Hunting,3,Riaan  Kunneke ,Nunuz007,South Africa,Senior,7,58.33%,-5,58.33%,8/12,0.00,Completed
Stage: 2 Duck Hunting,4,Angelo van Zyl,AngeloZ,South Africa,Open,6,50.00%,-6,50.00%,10/12,0.00,Completed
Stage: 2 Duck Hunting,5,Hugo Coetzee,kleinplasie15,South Africa,Open,6,50.00%,-6,50.00%,8/12,0.00,Completed
Stage: 2 Duck Hunting,6,Kevin Goncalves,Kevo_,South Africa,Factory,6,50.00%,-6,50.00%,9/12,0.00,Completed
Stage: 2 Duck Hunting,7,Werner Walkinshaw,WernerWW,South Africa,Open,6,50.00%,-6,50.00%,10/12,0.00,Completed
Stage: 2 Duck Hunting,8,Andre Steenkamp,andre_intouch,South Africa,Senior,5,41.67%,-7,41.67%,7/12,0.00,Completed
Stage: 2 Duck Hunting,9,Andre Symington,JohanSym,South Africa,Senior,5,41.67%,-7,41.67%,7/12,0.00,Completed
Stage: 2 Duck Hunting,10,Andries Lategan,Lategan,South Africa,Senior,5,41.67%,-7,41.67%,6/12,0.00,Completed
Stage: 2 Duck Hunting,11,Asharuf  Moorad ,Asharuf,South Africa,Open,5,41.67%,-7,41.67%,9/12,0.00,Completed
Stage: 2 Duck Hunting,12,Glen Clark ,Glen,South Africa,Senior,5,41.67%,-7,41.67%,8/12,0.00,Completed
Stage: 2 Duck Hunting,13,Greg  Sykes,Gregs,South Africa,Senior,5,41.67%,-7,41.67%,11/12,0.00,Completed
Stage: 2 Duck Hunting,14,Handre van Niekerk,havn,South Africa,Factory,5,41.67%,-7,41.67%,9/12,0.00,Completed
Stage: 2 Duck Hunting,15,Jaco Bosman,JacoBos,South Africa,Open,5,41.67%,-7,41.67%,9/12,0.00,Completed
Stage: 2 Duck Hunting,16,Jeanette Coetzee,JeanetteCoetzee,South Africa,Ladies,5,41.67%,-7,41.67%,8/12,0.00,Completed
Stage: 2 Duck Hunting,17,Liezel Foot,TheFoot,South Africa,Ladies,5,41.67%,-7,41.67%,10/12,0.00,Completed
Stage: 2 Duck Hunting,18,Pieter le Roux,gokinetix,South Africa,Factory,5,41.67%,-7,41.67%,9/12,0.00,Completed
Stage: 2 Duck Hunting,19,Sean Graham,SeanGraham,South Africa,Open,5,41.67%,-7,41.67%,7/12,0.00,Completed
Stage: 2 Duck Hunting,20,Stelios Christofi,Stel,South Africa,Factory,5,41.67%,-7,41.67%,6/12,0.00,Completed
Stage: 2 Duck Hunting,21,Dumisani Shabangu,Dumisani,South Africa,Open,4,33.33%,-8,33.33%,8/12,0.00,Completed
Stage: 2 Duck Hunting,22,Johan Symington,asymington,South Africa,Junior,4,33.33%,-8,33.33%,8/12,0.00,Completed
Stage: 2 Duck Hunting,23,Malcolm  Coetzee,MalcolmCoetzee,South Africa,Open,4,33.33%,-8,33.33%,8/12,0.00,Completed
Stage: 2 Duck Hunting,24,Dehan Lotz,Lotz,South Africa,Open,3,25.00%,-9,25.00%,6/12,0.00,Completed
Stage: 2 Duck Hunting,25,Grant Bower,GeeBee,South Africa,Factory,3,25.00%,-9,25.00%,8/12,0.00,Completed
Stage: 2 Duck Hunting,26,Wynand Brand,Wynand,South Africa,Open,3,25.00%,-9,25.00%,10/12,0.00,Completed
Stage: 2 Duck Hunting,27,Ignatius Lambert,Skurmonkel,South Africa,Open,2,16.67%,-10,16.67%,8/12,0.00,Completed
Stage: 2 Duck Hunting,28,Marieke Van Rooyen,Marieke,South Africa,Ladies,2,16.67%,-10,16.67%,8/12,0.00,Completed
Stage: 2 Duck Hunting,29,Kobus Swart,kobusswart31,South Africa,Open,1,8.33%,-11,8.33%,3/12,0.00,Completed
Stage: 3 Herd Control,1,Sean Graham,SeanGraham,South Africa,Open,9,90.00%,-1,90.00%,10/10,0.00,Completed
Stage: 3 Herd Control,2,Angelo van Zyl,AngeloZ,South Africa,Open,8,80.00%,-2,80.00%,9/10,0.00,Completed
Stage: 3 Herd Control,3,Glen Clark ,Glen,South Africa,Senior,8,80.00%,-2,80.00%,10/10,0.00,Completed
Stage: 3 Herd Control,4,Jaco Bosman,JacoBos,South Africa,Open,8,80.00%,-2,80.00%,10/10,0.00,Completed
Stage: 3 Herd Control,5,Grant Bower,GeeBee,South Africa,Factory,7,70.00%,-3,70.00%,10/10,0.00,Completed
Stage: 3 Herd Control,6,Le Riche Coetzer Snr,Uncle_SAPRF,South Africa,Senior,7,70.00%,-3,70.00%,10/10,0.00,Completed
Stage: 3 Herd Control,7,Stelios Christofi,Stel,South Africa,Factory,7,70.00%,-3,70.00%,8/10,0.00,Completed
Stage: 3 Herd Control,8,Dumisani Shabangu,Dumisani,South Africa,Open,6,60.00%,-4,60.00%,8/10,0.00,Completed
Stage: 3 Herd Control,9,Riaan  Kunneke ,Nunuz007,South Africa,Senior,6,60.00%,-4,60.00%,10/10,0.00,Completed
Stage: 3 Herd Control,10,Handre van Niekerk,havn,South Africa,Factory,5,50.00%,-5,50.00%,10/10,0.00,Completed
Stage: 3 Herd Control,11,Asharuf  Moorad ,Asharuf,South Africa,Open,4,40.00%,-6,40.00%,9/10,0.00,Completed
Stage: 3 Herd Control,12,Johan Symington,asymington,South Africa,Junior,4,40.00%,-6,40.00%,9/10,0.00,Completed
Stage: 3 Herd Control,13,Malcolm  Coetzee,MalcolmCoetzee,South Africa,Open,4,40.00%,-6,40.00%,9/10,0.00,Completed
Stage: 3 Herd Control,14,Andre Steenkamp,andre_intouch,South Africa,Senior,3,30.00%,-7,30.00%,8/10,0.00,Completed
Stage: 3 Herd Control,15,Greg  Sykes,Gregs,South Africa,Senior,3,30.00%,-7,30.00%,9/10,0.00,Completed
Stage: 3 Herd Control,16,Kobus Swart,kobusswart31,South Africa,Open,3,30.00%,-7,30.00%,8/10,0.00,Completed
Stage: 3 Herd Control,17,Wynand Brand,Wynand,South Africa,Open,3,30.00%,-7,30.00%,8/10,0.00,Completed
Stage: 3 Herd Control,18,Andries Lategan,Lategan,South Africa,Senior,2,20.00%,-8,20.00%,8/10,0.00,Completed
Stage: 3 Herd Control,19,Ignatius Lambert,Skurmonkel,South Africa,Open,2,20.00%,-8,20.00%,7/10,0.00,Completed
Stage: 3 Herd Control,20,Kevin Goncalves,Kevo_,South Africa,Factory,2,20.00%,-8,20.00%,8/10,0.00,Completed
Stage: 3 Herd Control,21,Dehan Lotz,Lotz,South Africa,Open,1,10.00%,-9,10.00%,8/10,0.00,Completed
Stage: 3 Herd Control,22,Gerhard Slabbert,Gerhard,South Africa,Open,1,10.00%,-9,10.00%,9/10,0.00,Completed
Stage: 3 Herd Control,23,Jeanette Coetzee,JeanetteCoetzee,South Africa,Ladies,1,10.00%,-9,10.00%,8/10,0.00,Completed
Stage: 3 Herd Control,24,Pieter le Roux,gokinetix,South Africa,Factory,1,10.00%,-9,10.00%,7/10,0.00,Completed
Stage: 3 Herd Control,25,Andre Symington,JohanSym,South Africa,Senior,0,0.00%,-10,0.00%,8/10,0.00,Completed
Stage: 3 Herd Control,26,Hugo Coetzee,kleinplasie15,South Africa,Open,0,0.00%,-10,0.00%,8/10,0.00,Completed
Stage: 3 Herd Control,27,Liezel Foot,TheFoot,South Africa,Ladies,0,0.00%,-10,0.00%,8/10,0.00,Completed
Stage: 3 Herd Control,28,Marieke Van Rooyen,Marieke,South Africa,Ladies,0,0.00%,-10,0.00%,6/10,0.00,Completed
Stage: 3 Herd Control,29,Werner Walkinshaw,WernerWW,South Africa,Open,0,0.00%,-10,0.00%,7/10,0.00,Completed
Stage: 4 Branch Manager,1,Le Riche Coetzer Snr,Uncle_SAPRF,South Africa,Senior,12,100.00%,0,100.00%,12/12,0.00,Completed
Stage: 4 Branch Manager,2,Handre van Niekerk,havn,South Africa,Factory,11,91.67%,-1,91.67%,12/12,0.00,Completed
Stage: 4 Branch Manager,3,Malcolm  Coetzee,MalcolmCoetzee,South Africa,Open,11,91.67%,-1,91.67%,12/12,0.00,Completed
Stage: 4 Branch Manager,4,Kevin Goncalves,Kevo_,South Africa,Factory,10,83.33%,-2,83.33%,12/12,0.00,Completed
Stage: 4 Branch Manager,5,Werner Walkinshaw,WernerWW,South Africa,Open,10,83.33%,-2,83.33%,12/12,0.00,Completed
Stage: 4 Branch Manager,6,Angelo van Zyl,AngeloZ,South Africa,Open,9,75.00%,-3,75.00%,12/12,0.00,Completed
Stage: 4 Branch Manager,7,Grant Bower,GeeBee,South Africa,Factory,9,75.00%,-3,75.00%,10/12,0.00,Completed
Stage: 4 Branch Manager,8,Jaco Bosman,JacoBos,South Africa,Open,9,75.00%,-3,75.00%,12/12,0.00,Completed
Stage: 4 Branch Manager,9,Johan Symington,asymington,South Africa,Junior,9,75.00%,-3,75.00%,12/12,0.00,Completed
Stage: 4 Branch Manager,10,Sean Graham,SeanGraham,South Africa,Open,9,75.00%,-3,75.00%,11/12,0.00,Completed
Stage: 4 Branch Manager,11,Asharuf  Moorad ,Asharuf,South Africa,Open,8,66.67%,-4,66.67%,10/12,0.00,Completed
Stage: 4 Branch Manager,12,Gerhard Slabbert,Gerhard,South Africa,Open,8,66.67%,-4,66.67%,12/12,0.00,Completed
Stage: 4 Branch Manager,13,Riaan  Kunneke ,Nunuz007,South Africa,Senior,8,66.67%,-4,66.67%,9/12,0.00,Completed
Stage: 4 Branch Manager,14,Stelios Christofi,Stel,South Africa,Factory,8,66.67%,-4,66.67%,9/12,0.00,Completed
Stage: 4 Branch Manager,15,Wynand Brand,Wynand,South Africa,Open,8,66.67%,-4,66.67%,12/12,0.00,Completed
Stage: 4 Branch Manager,16,Andries Lategan,Lategan,South Africa,Senior,7,58.33%,-5,58.33%,11/12,0.00,Completed
Stage: 4 Branch Manager,17,Hugo Coetzee,kleinplasie15,South Africa,Open,7,58.33%,-5,58.33%,12/12,0.00,Completed
Stage: 4 Branch Manager,18,Ignatius Lambert,Skurmonkel,South Africa,Open,7,58.33%,-5,58.33%,12/12,0.00,Completed
Stage: 4 Branch Manager,19,Jeanette Coetzee,JeanetteCoetzee,South Africa,Ladies,7,58.33%,-5,58.33%,12/12,0.00,Completed
Stage: 4 Branch Manager,20,Andre Steenkamp,andre_intouch,South Africa,Senior,6,50.00%,-6,50.00%,12/12,0.00,Completed
Stage: 4 Branch Manager,21,Pieter le Roux,gokinetix,South Africa,Factory,6,50.00%,-6,50.00%,12/12,0.00,Completed
Stage: 4 Branch Manager,22,Dumisani Shabangu,Dumisani,South Africa,Open,5,41.67%,-7,41.67%,8/12,0.00,Completed
Stage: 4 Branch Manager,23,Greg  Sykes,Gregs,South Africa,Senior,5,41.67%,-7,41.67%,10/12,0.00,Completed
Stage: 4 Branch Manager,24,Andre Symington,JohanSym,South Africa,Senior,4,33.33%,-8,33.33%,9/12,0.00,Completed
Stage: 4 Branch Manager,25,Dehan Lotz,Lotz,South Africa,Open,4,33.33%,-8,33.33%,12/12,0.00,Completed
Stage: 4 Branch Manager,26,Glen Clark ,Glen,South Africa,Senior,4,33.33%,-8,33.33%,11/12,0.00,Completed
Stage: 4 Branch Manager,27,Kobus Swart,kobusswart31,South Africa,Open,4,33.33%,-8,33.33%,12/12,0.00,Completed
Stage: 4 Branch Manager,28,Liezel Foot,TheFoot,South Africa,Ladies,4,33.33%,-8,33.33%,12/12,0.00,Completed
Stage: 4 Branch Manager,29,Marieke Van Rooyen,Marieke,South Africa,Ladies,0,0.00%,-12,0.00%,9/12,0.00,Completed
Stage: 5 Downhill Battle,1,Hugo Coetzee,kleinplasie15,South Africa,Open,10,83.33%,-2,83.33%,12/12,0.00,Completed
Stage: 5 Downhill Battle,2,Jeanette Coetzee,JeanetteCoetzee,South Africa,Ladies,10,83.33%,-2,83.33%,11/12,0.00,Completed
Stage: 5 Downhill Battle,3,Kobus Swart,kobusswart31,South Africa,Open,10,83.33%,-2,83.33%,12/12,0.00,Completed
Stage: 5 Downhill Battle,4,Andries Lategan,Lategan,South Africa,Senior,9,75.00%,-3,75.00%,11/12,0.00,Completed
Stage: 5 Downhill Battle,5,Le Riche Coetzer Snr,Uncle_SAPRF,South Africa,Senior,9,75.00%,-3,75.00%,12/12,0.00,Completed
Stage: 5 Downhill Battle,6,Malcolm  Coetzee,MalcolmCoetzee,South Africa,Open,9,75.00%,-3,75.00%,12/12,0.00,Completed
Stage: 5 Downhill Battle,7,Sean Graham,SeanGraham,South Africa,Open,9,75.00%,-3,75.00%,12/12,0.00,Completed
Stage: 5 Downhill Battle,8,Dumisani Shabangu,Dumisani,South Africa,Open,8,66.67%,-4,66.67%,11/12,0.00,Completed
Stage: 5 Downhill Battle,9,Gerhard Slabbert,Gerhard,South Africa,Open,8,66.67%,-4,66.67%,12/12,0.00,Completed
Stage: 5 Downhill Battle,10,Greg  Sykes,Gregs,South Africa,Senior,8,66.67%,-4,66.67%,11/12,0.00,Completed
Stage: 5 Downhill Battle,11,Asharuf  Moorad ,Asharuf,South Africa,Open,7,58.33%,-5,58.33%,9/12,0.00,Completed
Stage: 5 Downhill Battle,12,Handre van Niekerk,havn,South Africa,Factory,7,58.33%,-5,58.33%,11/12,0.00,Completed
Stage: 5 Downhill Battle,13,Johan Symington,asymington,South Africa,Junior,7,58.33%,-5,58.33%,11/12,0.00,Completed
Stage: 5 Downhill Battle,14,Kevin Goncalves,Kevo_,South Africa,Factory,7,58.33%,-5,58.33%,12/12,0.00,Completed
Stage: 5 Downhill Battle,15,Marieke Van Rooyen,Marieke,South Africa,Ladies,7,58.33%,-5,58.33%,8/12,0.00,Completed
Stage: 5 Downhill Battle,16,Angelo van Zyl,AngeloZ,South Africa,Open,6,50.00%,-6,50.00%,11/12,0.00,Completed
Stage: 5 Downhill Battle,17,Dehan Lotz,Lotz,South Africa,Open,6,50.00%,-6,50.00%,12/12,0.00,Completed
Stage: 5 Downhill Battle,18,Liezel Foot,TheFoot,South Africa,Ladies,6,50.00%,-6,50.00%,12/12,0.00,Completed
Stage: 5 Downhill Battle,19,Pieter le Roux,gokinetix,South Africa,Factory,6,50.00%,-6,50.00%,9/12,0.00,Completed
Stage: 5 Downhill Battle,20,Riaan  Kunneke ,Nunuz007,South Africa,Senior,6,50.00%,-6,50.00%,11/12,0.00,Completed
Stage: 5 Downhill Battle,21,Stelios Christofi,Stel,South Africa,Factory,6,50.00%,-6,50.00%,10/12,0.00,Completed
Stage: 5 Downhill Battle,22,Werner Walkinshaw,WernerWW,South Africa,Open,6,50.00%,-6,50.00%,11/12,0.00,Completed
Stage: 5 Downhill Battle,23,Wynand Brand,Wynand,South Africa,Open,6,50.00%,-6,50.00%,12/12,0.00,Completed
Stage: 5 Downhill Battle,24,Jaco Bosman,JacoBos,South Africa,Open,5,41.67%,-7,41.67%,12/12,0.00,Completed
Stage: 5 Downhill Battle,25,Andre Symington,JohanSym,South Africa,Senior,4,33.33%,-8,33.33%,9/12,0.00,Completed
Stage: 5 Downhill Battle,26,Grant Bower,GeeBee,South Africa,Factory,4,33.33%,-8,33.33%,10/12,0.00,Completed
Stage: 5 Downhill Battle,27,Ignatius Lambert,Skurmonkel,South Africa,Open,4,33.33%,-8,33.33%,10/12,0.00,Completed
Stage: 5 Downhill Battle,28,Glen Clark ,Glen,South Africa,Senior,3,25.00%,-9,25.00%,9/12,0.00,Completed
Stage: 5 Downhill Battle,29,Andre Steenkamp,andre_intouch,South Africa,Senior,2,16.67%,-10,16.67%,9/12,0.00,Completed
Stage: 6 Tread Lightly,1,Asharuf  Moorad ,Asharuf,South Africa,Open,10,100.00%,0,100.00%,10/10,0.00,Completed
Stage: 6 Tread Lightly,2,Andre Symington,JohanSym,South Africa,Senior,9,90.00%,-1,90.00%,10/10,0.00,Completed
Stage: 6 Tread Lightly,3,Andries Lategan,Lategan,South Africa,Senior,9,90.00%,-1,90.00%,10/10,0.00,Completed
Stage: 6 Tread Lightly,4,Hugo Coetzee,kleinplasie15,South Africa,Open,9,90.00%,-1,90.00%,10/10,0.00,Completed
Stage: 6 Tread Lightly,5,Jeanette Coetzee,JeanetteCoetzee,South Africa,Ladies,9,90.00%,-1,90.00%,10/10,0.00,Completed
Stage: 6 Tread Lightly,6,Kevin Goncalves,Kevo_,South Africa,Factory,9,90.00%,-1,90.00%,10/10,0.00,Completed
Stage: 6 Tread Lightly,7,Malcolm  Coetzee,MalcolmCoetzee,South Africa,Open,9,90.00%,-1,90.00%,10/10,0.00,Completed
Stage: 6 Tread Lightly,8,Dumisani Shabangu,Dumisani,South Africa,Open,8,80.00%,-2,80.00%,10/10,0.00,Completed
Stage: 6 Tread Lightly,9,Gerhard Slabbert,Gerhard,South Africa,Open,8,80.00%,-2,80.00%,10/10,0.00,Completed
Stage: 6 Tread Lightly,10,Kobus Swart,kobusswart31,South Africa,Open,8,80.00%,-2,80.00%,10/10,0.00,Completed
Stage: 6 Tread Lightly,11,Riaan  Kunneke ,Nunuz007,South Africa,Senior,8,80.00%,-2,80.00%,9/10,0.00,Completed
Stage: 6 Tread Lightly,12,Sean Graham,SeanGraham,South Africa,Open,8,80.00%,-2,80.00%,10/10,0.00,Completed
Stage: 6 Tread Lightly,13,Andre Steenkamp,andre_intouch,South Africa,Senior,7,70.00%,-3,70.00%,10/10,0.00,Completed
Stage: 6 Tread Lightly,14,Johan Symington,asymington,South Africa,Junior,7,70.00%,-3,70.00%,10/10,0.00,Completed
Stage: 6 Tread Lightly,15,Le Riche Coetzer Snr,Uncle_SAPRF,South Africa,Senior,7,70.00%,-3,70.00%,10/10,0.00,Completed
Stage: 6 Tread Lightly,16,Pieter le Roux,gokinetix,South Africa,Factory,7,70.00%,-3,70.00%,10/10,0.00,Completed
Stage: 6 Tread Lightly,17,Angelo van Zyl,AngeloZ,South Africa,Open,6,60.00%,-4,60.00%,10/10,0.00,Completed
Stage: 6 Tread Lightly,18,Dehan Lotz,Lotz,South Africa,Open,6,60.00%,-4,60.00%,10/10,0.00,Completed
Stage: 6 Tread Lightly,19,Marieke Van Rooyen,Marieke,South Africa,Ladies,6,60.00%,-4,60.00%,8/10,0.00,Completed
Stage: 6 Tread Lightly,20,Wynand Brand,Wynand,South Africa,Open,6,60.00%,-4,60.00%,10/10,0.00,Completed
Stage: 6 Tread Lightly,21,Grant Bower,GeeBee,South Africa,Factory,5,50.00%,-5,50.00%,10/10,0.00,Completed
Stage: 6 Tread Lightly,22,Greg  Sykes,Gregs,South Africa,Senior,5,50.00%,-5,50.00%,10/10,0.00,Completed
Stage: 6 Tread Lightly,23,Liezel Foot,TheFoot,South Africa,Ladies,5,50.00%,-5,50.00%,10/10,0.00,Completed
Stage: 6 Tread Lightly,24,Werner Walkinshaw,WernerWW,South Africa,Open,5,50.00%,-5,50.00%,10/10,0.00,Completed
Stage: 6 Tread Lightly,25,Glen Clark ,Glen,South Africa,Senior,4,40.00%,-6,40.00%,10/10,0.00,Completed
Stage: 6 Tread Lightly,26,Handre van Niekerk,havn,South Africa,Factory,4,40.00%,-6,40.00%,9/10,0.00,Completed
Stage: 6 Tread Lightly,27,Ignatius Lambert,Skurmonkel,South Africa,Open,4,40.00%,-6,40.00%,10/10,0.00,Completed
Stage: 6 Tread Lightly,28,Stelios Christofi,Stel,South Africa,Factory,4,40.00%,-6,40.00%,10/10,0.00,Completed
Stage: 6 Tread Lightly,29,Jaco Bosman,JacoBos,South Africa,Open,3,30.00%,-7,30.00%,10/10,0.00,Completed
Stage: 7 Pole Yard,1,Jeanette Coetzee,JeanetteCoetzee,South Africa,Ladies,9,90.00%,-1,90.00%,9/10,0.00,Completed
Stage: 7 Pole Yard,2,Le Riche Coetzer Snr,Uncle_SAPRF,South Africa,Senior,9,90.00%,-1,90.00%,10/10,0.00,Completed
Stage: 7 Pole Yard,3,Dumisani Shabangu,Dumisani,South Africa,Open,8,80.00%,-2,80.00%,10/10,0.00,Completed
Stage: 7 Pole Yard,4,Kevin Goncalves,Kevo_,South Africa,Factory,7,70.00%,-3,70.00%,10/10,0.00,Completed
Stage: 7 Pole Yard,5,Malcolm  Coetzee,MalcolmCoetzee,South Africa,Open,7,70.00%,-3,70.00%,10/10,0.00,Completed
Stage: 7 Pole Yard,6,Andre Symington,JohanSym,South Africa,Senior,6,60.00%,-4,60.00%,8/10,0.00,Completed
Stage: 7 Pole Yard,7,Asharuf  Moorad ,Asharuf,South Africa,Open,6,60.00%,-4,60.00%,9/10,0.00,Completed
Stage: 7 Pole Yard,8,Sean Graham,SeanGraham,South Africa,Open,6,60.00%,-4,60.00%,10/10,0.00,Completed
Stage: 7 Pole Yard,9,Hugo Coetzee,kleinplasie15,South Africa,Open,5,50.00%,-5,50.00%,10/10,0.00,Completed
Stage: 7 Pole Yard,10,Stelios Christofi,Stel,South Africa,Factory,5,50.00%,-5,50.00%,6/10,0.00,Completed
Stage: 7 Pole Yard,11,Dehan Lotz,Lotz,South Africa,Open,4,40.00%,-6,40.00%,8/10,0.00,Completed
Stage: 7 Pole Yard,12,Glen Clark ,Glen,South Africa,Senior,4,40.00%,-6,40.00%,10/10,0.00,Completed
Stage: 7 Pole Yard,13,Greg  Sykes,Gregs,South Africa,Senior,4,40.00%,-6,40.00%,10/10,0.00,Completed
Stage: 7 Pole Yard,14,Johan Symington,asymington,South Africa,Junior,4,40.00%,-6,40.00%,9/10,0.00,Completed
Stage: 7 Pole Yard,15,Werner Walkinshaw,WernerWW,South Africa,Open,4,40.00%,-6,40.00%,8/10,0.00,Completed
Stage: 7 Pole Yard,16,Andries Lategan,Lategan,South Africa,Senior,3,30.00%,-7,30.00%,8/10,0.00,Completed
Stage: 7 Pole Yard,17,Kobus Swart,kobusswart31,South Africa,Open,3,30.00%,-7,30.00%,10/10,0.00,Completed
Stage: 7 Pole Yard,18,Liezel Foot,TheFoot,South Africa,Ladies,3,30.00%,-7,30.00%,10/10,0.00,Completed
Stage: 7 Pole Yard,19,Marieke Van Rooyen,Marieke,South Africa,Ladies,3,30.00%,-7,30.00%,7/10,0.00,Completed
Stage: 7 Pole Yard,20,Andre Steenkamp,andre_intouch,South Africa,Senior,2,20.00%,-8,20.00%,6/10,0.00,Completed
Stage: 7 Pole Yard,21,Gerhard Slabbert,Gerhard,South Africa,Open,2,20.00%,-8,20.00%,8/10,0.00,Completed
Stage: 7 Pole Yard,22,Grant Bower,GeeBee,South Africa,Factory,2,20.00%,-8,20.00%,10/10,0.00,Completed
Stage: 7 Pole Yard,23,Jaco Bosman,JacoBos,South Africa,Open,2,20.00%,-8,20.00%,10/10,0.00,Completed
Stage: 7 Pole Yard,24,Pieter le Roux,gokinetix,South Africa,Factory,2,20.00%,-8,20.00%,9/10,0.00,Completed
Stage: 7 Pole Yard,25,Riaan  Kunneke ,Nunuz007,South Africa,Senior,2,20.00%,-8,20.00%,6/10,0.00,Completed
Stage: 7 Pole Yard,26,Angelo van Zyl,AngeloZ,South Africa,Open,1,10.00%,-9,10.00%,10/10,0.00,Completed
Stage: 7 Pole Yard,27,Wynand Brand,Wynand,South Africa,Open,1,10.00%,-9,10.00%,6/10,0.00,Completed
Stage: 7 Pole Yard,28,Handre van Niekerk,havn,South Africa,Factory,0,0.00%,-10,0.00%,6/10,0.00,Completed
Stage: 7 Pole Yard,29,Ignatius Lambert,Skurmonkel,South Africa,Open,0,0.00%,-10,0.00%,6/10,0.00,Completed
Stage: 8 I am the captain now...,1,Johan Symington,asymington,South Africa,Junior,10,100.00%,0,100.00%,10/10,0.00,Completed
Stage: 8 I am the captain now...,2,Handre van Niekerk,havn,South Africa,Factory,7,70.00%,-3,70.00%,10/10,0.00,Completed
Stage: 8 I am the captain now...,3,Jeanette Coetzee,JeanetteCoetzee,South Africa,Ladies,6,60.00%,-4,60.00%,10/10,0.00,Completed
Stage: 8 I am the captain now...,4,Kobus Swart,kobusswart31,South Africa,Open,6,60.00%,-4,60.00%,10/10,0.00,Completed
Stage: 8 I am the captain now...,5,Andries Lategan,Lategan,South Africa,Senior,5,50.00%,-5,50.00%,10/10,0.00,Completed
Stage: 8 I am the captain now...,6,Angelo van Zyl,AngeloZ,South Africa,Open,5,50.00%,-5,50.00%,10/10,0.00,Completed
Stage: 8 I am the captain now...,7,Grant Bower,GeeBee,South Africa,Factory,5,50.00%,-5,50.00%,10/10,0.00,Completed
Stage: 8 I am the captain now...,8,Greg  Sykes,Gregs,South Africa,Senior,5,50.00%,-5,50.00%,10/10,0.00,Completed
Stage: 8 I am the captain now...,9,Ignatius Lambert,Skurmonkel,South Africa,Open,5,50.00%,-5,50.00%,10/10,0.00,Completed
Stage: 8 I am the captain now...,10,Riaan  Kunneke ,Nunuz007,South Africa,Senior,5,50.00%,-5,50.00%,9/10,0.00,Completed
Stage: 8 I am the captain now...,11,Wynand Brand,Wynand,South Africa,Open,5,50.00%,-5,50.00%,10/10,0.00,Completed
Stage: 8 I am the captain now...,12,Asharuf  Moorad ,Asharuf,South Africa,Open,4,40.00%,-6,40.00%,10/10,0.00,Completed
Stage: 8 I am the captain now...,13,Dehan Lotz,Lotz,South Africa,Open,4,40.00%,-6,40.00%,10/10,0.00,Completed
Stage: 8 I am the captain now...,14,Jaco Bosman,JacoBos,South Africa,Open,4,40.00%,-6,40.00%,10/10,0.00,Completed
Stage: 8 I am the captain now...,15,Marieke Van Rooyen,Marieke,South Africa,Ladies,4,40.00%,-6,40.00%,8/10,0.00,Completed
Stage: 8 I am the captain now...,16,Sean Graham,SeanGraham,South Africa,Open,4,40.00%,-6,40.00%,10/10,0.00,Completed
Stage: 8 I am the captain now...,17,Stelios Christofi,Stel,South Africa,Factory,4,40.00%,-6,40.00%,7/10,0.00,Completed
Stage: 8 I am the captain now...,18,Dumisani Shabangu,Dumisani,South Africa,Open,3,30.00%,-7,30.00%,8/10,0.00,Completed
Stage: 8 I am the captain now...,19,Gerhard Slabbert,Gerhard,South Africa,Open,3,30.00%,-7,30.00%,10/10,0.00,Completed
Stage: 8 I am the captain now...,20,Kevin Goncalves,Kevo_,South Africa,Factory,3,30.00%,-7,30.00%,10/10,0.00,Completed
Stage: 8 I am the captain now...,21,Werner Walkinshaw,WernerWW,South Africa,Open,3,30.00%,-7,30.00%,10/10,0.00,Completed
Stage: 8 I am the captain now...,22,Andre Symington,JohanSym,South Africa,Senior,2,20.00%,-8,20.00%,8/10,0.00,Completed
Stage: 8 I am the captain now...,23,Hugo Coetzee,kleinplasie15,South Africa,Open,2,20.00%,-8,20.00%,10/10,0.00,Completed
Stage: 8 I am the captain now...,24,Malcolm  Coetzee,MalcolmCoetzee,South Africa,Open,2,20.00%,-8,20.00%,10/10,0.00,Completed
Stage: 8 I am the captain now...,25,Andre Steenkamp,andre_intouch,South Africa,Senior,1,10.00%,-9,10.00%,10/10,0.00,Completed
Stage: 8 I am the captain now...,26,Glen Clark ,Glen,South Africa,Senior,1,10.00%,-9,10.00%,10/10,0.00,Completed
Stage: 8 I am the captain now...,27,Le Riche Coetzer Snr,Uncle_SAPRF,South Africa,Senior,1,10.00%,-9,10.00%,10/10,0.00,Completed
Stage: 8 I am the captain now...,28,Liezel Foot,TheFoot,South Africa,Ladies,1,10.00%,-9,10.00%,10/10,0.00,Completed
Stage: 8 I am the captain now...,29,Pieter le Roux,gokinetix,South Africa,Factory,1,10.00%,-9,10.00%,9/10,0.00,Completed
Stage: 9 Jumping the Fence,1,Jaco Bosman,JacoBos,South Africa,Open,9,90.00%,-1,90.00%,10/10,0.00,Completed
Stage: 9 Jumping the Fence,2,Malcolm  Coetzee,MalcolmCoetzee,South Africa,Open,9,90.00%,-1,90.00%,10/10,0.00,Completed
Stage: 9 Jumping the Fence,3,Andries Lategan,Lategan,South Africa,Senior,8,80.00%,-2,80.00%,10/10,0.00,Completed
Stage: 9 Jumping the Fence,4,Dehan Lotz,Lotz,South Africa,Open,8,80.00%,-2,80.00%,10/10,0.00,Completed
Stage: 9 Jumping the Fence,5,Glen Clark ,Glen,South Africa,Senior,8,80.00%,-2,80.00%,10/10,0.00,Completed
Stage: 9 Jumping the Fence,6,Grant Bower,GeeBee,South Africa,Factory,8,80.00%,-2,80.00%,10/10,0.00,Completed
Stage: 9 Jumping the Fence,7,Werner Walkinshaw,WernerWW,South Africa,Open,8,80.00%,-2,80.00%,10/10,0.00,Completed
Stage: 9 Jumping the Fence,8,Gerhard Slabbert,Gerhard,South Africa,Open,7,70.00%,-3,70.00%,10/10,0.00,Completed
Stage: 9 Jumping the Fence,9,Greg  Sykes,Gregs,South Africa,Senior,7,70.00%,-3,70.00%,10/10,0.00,Completed
Stage: 9 Jumping the Fence,10,Jeanette Coetzee,JeanetteCoetzee,South Africa,Ladies,7,70.00%,-3,70.00%,10/10,0.00,Completed
Stage: 9 Jumping the Fence,11,Handre van Niekerk,havn,South Africa,Factory,6,60.00%,-4,60.00%,10/10,0.00,Completed
Stage: 9 Jumping the Fence,12,Kobus Swart,kobusswart31,South Africa,Open,6,60.00%,-4,60.00%,10/10,0.00,Completed
Stage: 9 Jumping the Fence,13,Sean Graham,SeanGraham,South Africa,Open,6,60.00%,-4,60.00%,10/10,0.00,Completed
Stage: 9 Jumping the Fence,14,Andre Symington,JohanSym,South Africa,Senior,5,50.00%,-5,50.00%,10/10,0.00,Completed
Stage: 9 Jumping the Fence,15,Angelo van Zyl,AngeloZ,South Africa,Open,5,50.00%,-5,50.00%,10/10,0.00,Completed
Stage: 9 Jumping the Fence,16,Hugo Coetzee,kleinplasie15,South Africa,Open,5,50.00%,-5,50.00%,10/10,0.00,Completed
Stage: 9 Jumping the Fence,17,Asharuf  Moorad ,Asharuf,South Africa,Open,4,40.00%,-6,40.00%,10/10,0.00,Completed
Stage: 9 Jumping the Fence,18,Ignatius Lambert,Skurmonkel,South Africa,Open,4,40.00%,-6,40.00%,10/10,0.00,Completed
Stage: 9 Jumping the Fence,19,Kevin Goncalves,Kevo_,South Africa,Factory,4,40.00%,-6,40.00%,10/10,0.00,Completed
Stage: 9 Jumping the Fence,20,Le Riche Coetzer Snr,Uncle_SAPRF,South Africa,Senior,4,40.00%,-6,40.00%,10/10,0.00,Completed
Stage: 9 Jumping the Fence,21,Liezel Foot,TheFoot,South Africa,Ladies,4,40.00%,-6,40.00%,10/10,0.00,Completed
Stage: 9 Jumping the Fence,22,Pieter le Roux,gokinetix,South Africa,Factory,4,40.00%,-6,40.00%,10/10,0.00,Completed
Stage: 9 Jumping the Fence,23,Riaan  Kunneke ,Nunuz007,South Africa,Senior,4,40.00%,-6,40.00%,10/10,0.00,Completed
Stage: 9 Jumping the Fence,24,Wynand Brand,Wynand,South Africa,Open,4,40.00%,-6,40.00%,10/10,0.00,Completed
Stage: 9 Jumping the Fence,25,Andre Steenkamp,andre_intouch,South Africa,Senior,3,30.00%,-7,30.00%,10/10,0.00,Completed
Stage: 9 Jumping the Fence,26,Dumisani Shabangu,Dumisani,South Africa,Open,3,30.00%,-7,30.00%,10/10,0.00,Completed
Stage: 9 Jumping the Fence,27,Johan Symington,asymington,South Africa,Junior,3,30.00%,-7,30.00%,10/10,0.00,Completed
Stage: 9 Jumping the Fence,28,Marieke Van Rooyen,Marieke,South Africa,Ladies,3,30.00%,-7,30.00%,10/10,0.00,Completed
Stage: 9 Jumping the Fence,29,Stelios Christofi,Stel,South Africa,Factory,2,20.00%,-8,20.00%,10/10,0.00,Completed
D2 Stage: 10 Holding the Line,1,Dehan Lotz,Lotz,South Africa,Open,12,100.00%,0,100.00%,12/12,0.00,Completed
D2 Stage: 10 Holding the Line,2,Gerhard Slabbert,Gerhard,South Africa,Open,12,100.00%,0,100.00%,12/12,0.00,Completed
D2 Stage: 10 Holding the Line,3,Malcolm  Coetzee,MalcolmCoetzee,South Africa,Open,12,100.00%,0,100.00%,12/12,0.00,Completed
D2 Stage: 10 Holding the Line,4,Angelo van Zyl,AngeloZ,South Africa,Open,11,91.67%,-1,91.67%,11/12,0.00,Completed
D2 Stage: 10 Holding the Line,5,Hugo Coetzee,kleinplasie15,South Africa,Open,11,91.67%,-1,91.67%,12/12,0.00,Completed
D2 Stage: 10 Holding the Line,6,Jaco Bosman,JacoBos,South Africa,Open,11,91.67%,-1,91.67%,12/12,0.00,Completed
D2 Stage: 10 Holding the Line,7,Jeanette Coetzee,JeanetteCoetzee,South Africa,Ladies,10,83.33%,-2,83.33%,12/12,0.00,Completed
D2 Stage: 10 Holding the Line,8,Kobus Swart,kobusswart31,South Africa,Open,10,83.33%,-2,83.33%,12/12,0.00,Completed
D2 Stage: 10 Holding the Line,9,Le Riche Coetzer Snr,Uncle_SAPRF,South Africa,Senior,10,83.33%,-2,83.33%,12/12,0.00,Completed
D2 Stage: 10 Holding the Line,10,Andre Symington,JohanSym,South Africa,Senior,9,75.00%,-3,75.00%,10/12,0.00,Completed
D2 Stage: 10 Holding the Line,11,Asharuf  Moorad ,Asharuf,South Africa,Open,9,75.00%,-3,75.00%,10/12,0.00,Completed
D2 Stage: 10 Holding the Line,12,Sean Graham,SeanGraham,South Africa,Open,9,75.00%,-3,75.00%,12/12,0.00,Completed
D2 Stage: 10 Holding the Line,13,Dumisani Shabangu,Dumisani,South Africa,Open,8,66.67%,-4,66.67%,9/12,0.00,Completed
D2 Stage: 10 Holding the Line,14,Glen Clark ,Glen,South Africa,Senior,8,66.67%,-4,66.67%,10/12,0.00,Completed
D2 Stage: 10 Holding the Line,15,Handre van Niekerk,havn,South Africa,Factory,8,66.67%,-4,66.67%,10/12,0.00,Completed
D2 Stage: 10 Holding the Line,16,Johan Symington,asymington,South Africa,Junior,8,66.67%,-4,66.67%,12/12,0.00,Completed
D2 Stage: 10 Holding the Line,17,Liezel Foot,TheFoot,South Africa,Ladies,8,66.67%,-4,66.67%,12/12,0.00,Completed
D2 Stage: 10 Holding the Line,18,Pieter le Roux,gokinetix,South Africa,Factory,8,66.67%,-4,66.67%,11/12,0.00,Completed
D2 Stage: 10 Holding the Line,19,Andre Steenkamp,andre_intouch,South Africa,Senior,7,58.33%,-5,58.33%,10/12,0.00,Completed
D2 Stage: 10 Holding the Line,20,Grant Bower,GeeBee,South Africa,Factory,7,58.33%,-5,58.33%,9/12,0.00,Completed
D2 Stage: 10 Holding the Line,21,Kevin Goncalves,Kevo_,South Africa,Factory,7,58.33%,-5,58.33%,11/12,0.00,Completed
D2 Stage: 10 Holding the Line,22,Marieke Van Rooyen,Marieke,South Africa,Ladies,7,58.33%,-5,58.33%,8/12,0.00,Completed
D2 Stage: 10 Holding the Line,23,Riaan  Kunneke ,Nunuz007,South Africa,Senior,7,58.33%,-5,58.33%,8/12,0.00,Completed
D2 Stage: 10 Holding the Line,24,Werner Walkinshaw,WernerWW,South Africa,Open,7,58.33%,-5,58.33%,11/12,0.00,Completed
D2 Stage: 10 Holding the Line,25,Wynand Brand,Wynand,South Africa,Open,7,58.33%,-5,58.33%,11/12,0.00,Completed
D2 Stage: 10 Holding the Line,26,Andries Lategan,Lategan,South Africa,Senior,6,50.00%,-6,50.00%,8/12,0.00,Completed
D2 Stage: 10 Holding the Line,27,Greg  Sykes,Gregs,South Africa,Senior,5,41.67%,-7,41.67%,10/12,0.00,Completed
D2 Stage: 10 Holding the Line,28,Ignatius Lambert,Skurmonkel,South Africa,Open,5,41.67%,-7,41.67%,9/12,0.00,Completed
D2 Stage: 10 Holding the Line,29,Stelios Christofi,Stel,South Africa,Factory,5,41.67%,-7,41.67%,10/12,0.00,Completed
D2 Stage: 11 Tanks for Nothing!,1,Dehan Lotz,Lotz,South Africa,Open,8,80.00%,-2,80.00%,10/10,0.00,Completed
D2 Stage: 11 Tanks for Nothing!,2,Greg  Sykes,Gregs,South Africa,Senior,7,70.00%,-3,70.00%,7/10,0.00,Completed
D2 Stage: 11 Tanks for Nothing!,3,Johan Symington,asymington,South Africa,Junior,7,70.00%,-3,70.00%,10/10,0.00,Completed
D2 Stage: 11 Tanks for Nothing!,4,Pieter le Roux,gokinetix,South Africa,Factory,7,70.00%,-3,70.00%,8/10,0.00,Completed
D2 Stage: 11 Tanks for Nothing!,5,Sean Graham,SeanGraham,South Africa,Open,7,70.00%,-3,70.00%,7/10,0.00,Completed
D2 Stage: 11 Tanks for Nothing!,6,Andries Lategan,Lategan,South Africa,Senior,6,60.00%,-4,60.00%,6/10,0.00,Completed
D2 Stage: 11 Tanks for Nothing!,7,Angelo van Zyl,AngeloZ,South Africa,Open,6,60.00%,-4,60.00%,7/10,0.00,Completed
D2 Stage: 11 Tanks for Nothing!,8,Dumisani Shabangu,Dumisani,South Africa,Open,6,60.00%,-4,60.00%,7/10,0.00,Completed
D2 Stage: 11 Tanks for Nothing!,9,Gerhard Slabbert,Gerhard,South Africa,Open,6,60.00%,-4,60.00%,8/10,0.00,Completed
D2 Stage: 11 Tanks for Nothing!,10,Jeanette Coetzee,JeanetteCoetzee,South Africa,Ladies,6,60.00%,-4,60.00%,6/10,0.00,Completed
D2 Stage: 11 Tanks for Nothing!,11,Kevin Goncalves,Kevo_,South Africa,Factory,6,60.00%,-4,60.00%,10/10,0.00,Completed
D2 Stage: 11 Tanks for Nothing!,12,Kobus Swart,kobusswart31,South Africa,Open,6,60.00%,-4,60.00%,7/10,0.00,Completed
D2 Stage: 11 Tanks for Nothing!,13,Malcolm  Coetzee,MalcolmCoetzee,South Africa,Open,6,60.00%,-4,60.00%,8/10,0.00,Completed
D2 Stage: 11 Tanks for Nothing!,14,Andre Steenkamp,andre_intouch,South Africa,Senior,5,50.00%,-5,50.00%,7/10,0.00,Completed
D2 Stage: 11 Tanks for Nothing!,15,Andre Symington,JohanSym,South Africa,Senior,5,50.00%,-5,50.00%,5/10,0.00,Completed
D2 Stage: 11 Tanks for Nothing!,16,Asharuf  Moorad ,Asharuf,South Africa,Open,5,50.00%,-5,50.00%,6/10,0.00,Completed
D2 Stage: 11 Tanks for Nothing!,17,Glen Clark ,Glen,South Africa,Senior,5,50.00%,-5,50.00%,6/10,0.00,Completed
D2 Stage: 11 Tanks for Nothing!,18,Handre van Niekerk,havn,South Africa,Factory,5,50.00%,-5,50.00%,6/10,0.00,Completed
D2 Stage: 11 Tanks for Nothing!,19,Hugo Coetzee,kleinplasie15,South Africa,Open,5,50.00%,-5,50.00%,6/10,0.00,Completed
D2 Stage: 11 Tanks for Nothing!,20,Jaco Bosman,JacoBos,South Africa,Open,5,50.00%,-5,50.00%,7/10,0.00,Completed
D2 Stage: 11 Tanks for Nothing!,21,Liezel Foot,TheFoot,South Africa,Ladies,5,50.00%,-5,50.00%,7/10,0.00,Completed
D2 Stage: 11 Tanks for Nothing!,22,Riaan  Kunneke ,Nunuz007,South Africa,Senior,5,50.00%,-5,50.00%,7/10,0.00,Completed
D2 Stage: 11 Tanks for Nothing!,23,Le Riche Coetzer Snr,Uncle_SAPRF,South Africa,Senior,4,40.00%,-6,40.00%,6/10,0.00,Completed
D2 Stage: 11 Tanks for Nothing!,24,Wynand Brand,Wynand,South Africa,Open,4,40.00%,-6,40.00%,6/10,0.00,Completed
D2 Stage: 11 Tanks for Nothing!,25,Grant Bower,GeeBee,South Africa,Factory,3,30.00%,-7,30.00%,6/10,0.00,Completed
D2 Stage: 11 Tanks for Nothing!,26,Ignatius Lambert,Skurmonkel,South Africa,Open,3,30.00%,-7,30.00%,6/10,0.00,Completed
D2 Stage: 11 Tanks for Nothing!,27,Marieke Van Rooyen,Marieke,South Africa,Ladies,3,30.00%,-7,30.00%,5/10,0.00,Completed
D2 Stage: 11 Tanks for Nothing!,28,Stelios Christofi,Stel,South Africa,Factory,3,30.00%,-7,30.00%,5/10,0.00,Completed
D2 Stage: 11 Tanks for Nothing!,29,Werner Walkinshaw,WernerWW,South Africa,Open,3,30.00%,-7,30.00%,5/10,0.00,Completed
D2 Stage: 12 X-Mas in Feb,1,Kevin Goncalves,Kevo_,South Africa,Factory,12,100.00%,0,100.00%,12/12,103.56,Completed
D2 Stage: 12 X-Mas in Feb,2,Malcolm  Coetzee,MalcolmCoetzee,South Africa,Open,11,91.67%,-1,91.67%,12/12,89.00,Completed
D2 Stage: 12 X-Mas in Feb,3,Jaco Bosman,JacoBos,South Africa,Open,11,91.67%,-1,91.67%,12/12,105.00,Completed
D2 Stage: 12 X-Mas in Feb,4,Johan Symington,asymington,South Africa,Junior,11,91.67%,-1,91.67%,11/12,105.00,Completed
D2 Stage: 12 X-Mas in Feb,5,Werner Walkinshaw,WernerWW,South Africa,Open,11,91.67%,-1,91.67%,11/12,105.00,Completed
D2 Stage: 12 X-Mas in Feb,6,Asharuf  Moorad ,Asharuf,South Africa,Open,10,83.33%,-2,83.33%,10/12,105.00,Completed
D2 Stage: 12 X-Mas in Feb,7,Gerhard Slabbert,Gerhard,South Africa,Open,10,83.33%,-2,83.33%,11/12,105.00,Completed
D2 Stage: 12 X-Mas in Feb,8,Le Riche Coetzer Snr,Uncle_SAPRF,South Africa,Senior,10,83.33%,-2,83.33%,11/12,105.00,Completed
D2 Stage: 12 X-Mas in Feb,9,Dehan Lotz,Lotz,South Africa,Open,9,75.00%,-3,75.00%,11/12,105.00,Completed
D2 Stage: 12 X-Mas in Feb,10,Dumisani Shabangu,Dumisani,South Africa,Open,9,75.00%,-3,75.00%,10/12,105.00,Completed
D2 Stage: 12 X-Mas in Feb,11,Greg  Sykes,Gregs,South Africa,Senior,9,75.00%,-3,75.00%,11/12,105.00,Completed
D2 Stage: 12 X-Mas in Feb,12,Jeanette Coetzee,JeanetteCoetzee,South Africa,Ladies,9,75.00%,-3,75.00%,11/12,105.00,Completed
D2 Stage: 12 X-Mas in Feb,13,Pieter le Roux,gokinetix,South Africa,Factory,9,75.00%,-3,75.00%,11/12,105.00,Completed
D2 Stage: 12 X-Mas in Feb,14,Andries Lategan,Lategan,South Africa,Senior,8,66.67%,-4,66.67%,9/12,105.00,Completed
D2 Stage: 12 X-Mas in Feb,15,Glen Clark ,Glen,South Africa,Senior,8,66.67%,-4,66.67%,9/12,105.00,Completed
D2 Stage: 12 X-Mas in Feb,16,Kobus Swart,kobusswart31,South Africa,Open,8,66.67%,-4,66.67%,10/12,105.00,Completed
D2 Stage: 12 X-Mas in Feb,17,Liezel Foot,TheFoot,South Africa,Ladies,8,66.67%,-4,66.67%,11/12,105.00,Completed
D2 Stage: 12 X-Mas in Feb,18,Sean Graham,SeanGraham,South Africa,Open,8,66.67%,-4,66.67%,8/12,105.00,Completed
D2 Stage: 12 X-Mas in Feb,19,Andre Steenkamp,andre_intouch,South Africa,Senior,7,58.33%,-5,58.33%,9/12,105.00,Completed
D2 Stage: 12 X-Mas in Feb,20,Angelo van Zyl,AngeloZ,South Africa,Open,7,58.33%,-5,58.33%,10/12,105.00,Completed
D2 Stage: 12 X-Mas in Feb,21,Marieke Van Rooyen,Marieke,South Africa,Ladies,7,58.33%,-5,58.33%,8/12,105.00,Completed
D2 Stage: 12 X-Mas in Feb,22,Wynand Brand,Wynand,South Africa,Open,7,58.33%,-5,58.33%,9/12,105.00,Completed
D2 Stage: 12 X-Mas in Feb,23,Andre Symington,JohanSym,South Africa,Senior,6,50.00%,-6,50.00%,9/12,105.00,Completed
D2 Stage: 12 X-Mas in Feb,24,Hugo Coetzee,kleinplasie15,South Africa,Open,6,50.00%,-6,50.00%,10/12,105.00,Completed
D2 Stage: 12 X-Mas in Feb,25,Ignatius Lambert,Skurmonkel,South Africa,Open,6,50.00%,-6,50.00%,9/12,105.00,Completed
D2 Stage: 12 X-Mas in Feb,26,Grant Bower,GeeBee,South Africa,Factory,4,33.33%,-8,33.33%,7/12,105.00,Completed
D2 Stage: 12 X-Mas in Feb,27,Riaan  Kunneke ,Nunuz007,South Africa,Senior,4,33.33%,-8,33.33%,5/12,105.00,Completed
D2 Stage: 12 X-Mas in Feb,28,Stelios Christofi,Stel,South Africa,Factory,4,33.33%,-8,33.33%,7/12,105.00,Completed
D2 Stage: 12 X-Mas in Feb,29,Handre van Niekerk,havn,South Africa,Factory,3,25.00%,-9,25.00%,4/12,105.00,Completed
D2 Stage: 13 The Looong Game,1,Gerhard Slabbert,Gerhard,South Africa,Open,9,75.00%,-3,75.00%,10/12,0.00,Completed
D2 Stage: 13 The Looong Game,2,Handre van Niekerk,havn,South Africa,Factory,9,75.00%,-3,75.00%,9/12,0.00,Completed
D2 Stage: 13 The Looong Game,3,Kevin Goncalves,Kevo_,South Africa,Factory,8,66.67%,-4,66.67%,12/12,0.00,Completed
D2 Stage: 13 The Looong Game,4,Hugo Coetzee,kleinplasie15,South Africa,Open,7,58.33%,-5,58.33%,8/12,0.00,Completed
D2 Stage: 13 The Looong Game,5,Glen Clark ,Glen,South Africa,Senior,6,50.00%,-6,50.00%,8/12,0.00,Completed
D2 Stage: 13 The Looong Game,6,Johan Symington,asymington,South Africa,Junior,6,50.00%,-6,50.00%,8/12,0.00,Completed
D2 Stage: 13 The Looong Game,7,Kobus Swart,kobusswart31,South Africa,Open,6,50.00%,-6,50.00%,9/12,0.00,Completed
D2 Stage: 13 The Looong Game,8,Wynand Brand,Wynand,South Africa,Open,6,50.00%,-6,50.00%,7/12,0.00,Completed
D2 Stage: 13 The Looong Game,9,Dehan Lotz,Lotz,South Africa,Open,5,41.67%,-7,41.67%,8/12,0.00,Completed
D2 Stage: 13 The Looong Game,10,Malcolm  Coetzee,MalcolmCoetzee,South Africa,Open,5,41.67%,-7,41.67%,10/12,0.00,Completed
D2 Stage: 13 The Looong Game,11,Andre Symington,JohanSym,South Africa,Senior,4,33.33%,-8,33.33%,6/12,0.00,Completed
D2 Stage: 13 The Looong Game,12,Andries Lategan,Lategan,South Africa,Senior,4,33.33%,-8,33.33%,6/12,0.00,Completed
D2 Stage: 13 The Looong Game,13,Angelo van Zyl,AngeloZ,South Africa,Open,4,33.33%,-8,33.33%,8/12,0.00,Completed
D2 Stage: 13 The Looong Game,14,Asharuf  Moorad ,Asharuf,South Africa,Open,4,33.33%,-8,33.33%,6/12,0.00,Completed
D2 Stage: 13 The Looong Game,15,Greg  Sykes,Gregs,South Africa,Senior,4,33.33%,-8,33.33%,9/12,0.00,Completed
D2 Stage: 13 The Looong Game,16,Ignatius Lambert,Skurmonkel,South Africa,Open,4,33.33%,-8,33.33%,8/12,0.00,Completed
D2 Stage: 13 The Looong Game,17,Le Riche Coetzer Snr,Uncle_SAPRF,South Africa,Senior,4,33.33%,-8,33.33%,9/12,0.00,Completed
D2 Stage: 13 The Looong Game,18,Marieke Van Rooyen,Marieke,South Africa,Ladies,4,33.33%,-8,33.33%,5/12,0.00,Completed
D2 Stage: 13 The Looong Game,19,Sean Graham,SeanGraham,South Africa,Open,4,33.33%,-8,33.33%,8/12,0.00,Completed
D2 Stage: 13 The Looong Game,20,Stelios Christofi,Stel,South Africa,Factory,4,33.33%,-8,33.33%,7/12,0.00,Completed
D2 Stage: 13 The Looong Game,21,Werner Walkinshaw,WernerWW,South Africa,Open,3,25.00%,-9,25.00%,10/12,0.00,Completed
D2 Stage: 13 The Looong Game,22,Andre Steenkamp,andre_intouch,South Africa,Senior,2,16.67%,-10,16.67%,7/12,0.00,Completed
D2 Stage: 13 The Looong Game,23,Pieter le Roux,gokinetix,South Africa,Factory,2,16.67%,-10,16.67%,9/12,0.00,Completed
D2 Stage: 13 The Looong Game,24,Riaan  Kunneke ,Nunuz007,South Africa,Senior,2,16.67%,-10,16.67%,6/12,0.00,Completed
D2 Stage: 13 The Looong Game,25,Dumisani Shabangu,Dumisani,South Africa,Open,1,8.33%,-11,8.33%,5/12,0.00,Completed
D2 Stage: 13 The Looong Game,26,Jeanette Coetzee,JeanetteCoetzee,South Africa,Ladies,1,8.33%,-11,8.33%,7/12,0.00,Completed
D2 Stage: 13 The Looong Game,27,Grant Bower,GeeBee,South Africa,Factory,0,0.00%,-12,0.00%,6/12,0.00,Completed
D2 Stage: 13 The Looong Game,28,Jaco Bosman,JacoBos,South Africa,Open,0,0.00%,-12,0.00%,6/12,0.00,Completed
D2 Stage: 13 The Looong Game,29,Liezel Foot,TheFoot,South Africa,Ladies,0,0.00%,-12,0.00%,6/12,0.00,Completed
D2 Stage: 14 Steps to Recovery,1,Dehan Lotz,Lotz,South Africa,Open,11,91.67%,-1,91.67%,12/12,0.00,Completed
D2 Stage: 14 Steps to Recovery,2,Kevin Goncalves,Kevo_,South Africa,Factory,11,91.67%,-1,91.67%,12/12,0.00,Completed
D2 Stage: 14 Steps to Recovery,3,Malcolm  Coetzee,MalcolmCoetzee,South Africa,Open,11,91.67%,-1,91.67%,12/12,0.00,Completed
D2 Stage: 14 Steps to Recovery,4,Dumisani Shabangu,Dumisani,South Africa,Open,10,83.33%,-2,83.33%,11/12,0.00,Completed
D2 Stage: 14 Steps to Recovery,5,Handre van Niekerk,havn,South Africa,Factory,10,83.33%,-2,83.33%,12/12,0.00,Completed
D2 Stage: 14 Steps to Recovery,6,Jaco Bosman,JacoBos,South Africa,Open,10,83.33%,-2,83.33%,12/12,0.00,Completed
D2 Stage: 14 Steps to Recovery,7,Kobus Swart,kobusswart31,South Africa,Open,10,83.33%,-2,83.33%,11/12,0.00,Completed
D2 Stage: 14 Steps to Recovery,8,Riaan  Kunneke ,Nunuz007,South Africa,Senior,9,75.00%,-3,75.00%,12/12,0.00,Completed
D2 Stage: 14 Steps to Recovery,9,Sean Graham,SeanGraham,South Africa,Open,9,75.00%,-3,75.00%,12/12,0.00,Completed
D2 Stage: 14 Steps to Recovery,10,Angelo van Zyl,AngeloZ,South Africa,Open,8,66.67%,-4,66.67%,11/12,0.00,Completed
D2 Stage: 14 Steps to Recovery,11,Asharuf  Moorad ,Asharuf,South Africa,Open,8,66.67%,-4,66.67%,11/12,0.00,Completed
D2 Stage: 14 Steps to Recovery,12,Gerhard Slabbert,Gerhard,South Africa,Open,8,66.67%,-4,66.67%,12/12,0.00,Completed
D2 Stage: 14 Steps to Recovery,13,Glen Clark ,Glen,South Africa,Senior,8,66.67%,-4,66.67%,11/12,0.00,Completed
D2 Stage: 14 Steps to Recovery,14,Hugo Coetzee,kleinplasie15,South Africa,Open,8,66.67%,-4,66.67%,12/12,0.00,Completed
D2 Stage: 14 Steps to Recovery,15,Le Riche Coetzer Snr,Uncle_SAPRF,South Africa,Senior,8,66.67%,-4,66.67%,12/12,0.00,Completed
D2 Stage: 14 Steps to Recovery,16,Marieke Van Rooyen,Marieke,South Africa,Ladies,8,66.67%,-4,66.67%,9/12,0.00,Completed
D2 Stage: 14 Steps to Recovery,17,Pieter le Roux,gokinetix,South Africa,Factory,8,66.67%,-4,66.67%,12/12,0.00,Completed
D2 Stage: 14 Steps to Recovery,18,Andries Lategan,Lategan,South Africa,Senior,7,58.33%,-5,58.33%,11/12,0.00,Completed
D2 Stage: 14 Steps to Recovery,19,Grant Bower,GeeBee,South Africa,Factory,7,58.33%,-5,58.33%,11/12,0.00,Completed
D2 Stage: 14 Steps to Recovery,20,Jeanette Coetzee,JeanetteCoetzee,South Africa,Ladies,7,58.33%,-5,58.33%,10/12,0.00,Completed
D2 Stage: 14 Steps to Recovery,21,Liezel Foot,TheFoot,South Africa,Ladies,7,58.33%,-5,58.33%,12/12,0.00,Completed
D2 Stage: 14 Steps to Recovery,22,Stelios Christofi,Stel,South Africa,Factory,7,58.33%,-5,58.33%,10/12,0.00,Completed
D2 Stage: 14 Steps to Recovery,23,Andre Steenkamp,andre_intouch,South Africa,Senior,6,50.00%,-6,50.00%,12/12,0.00,Completed
D2 Stage: 14 Steps to Recovery,24,Ignatius Lambert,Skurmonkel,South Africa,Open,6,50.00%,-6,50.00%,10/12,0.00,Completed
D2 Stage: 14 Steps to Recovery,25,Johan Symington,asymington,South Africa,Junior,6,50.00%,-6,50.00%,10/12,0.00,Completed
D2 Stage: 14 Steps to Recovery,26,Andre Symington,JohanSym,South Africa,Senior,5,41.67%,-7,41.67%,9/12,0.00,Completed
D2 Stage: 14 Steps to Recovery,27,Greg  Sykes,Gregs,South Africa,Senior,5,41.67%,-7,41.67%,12/12,0.00,Completed
D2 Stage: 14 Steps to Recovery,28,Werner Walkinshaw,WernerWW,South Africa,Open,5,41.67%,-7,41.67%,12/12,0.00,Completed
D2 Stage: 14 Steps to Recovery,29,Wynand Brand,Wynand,South Africa,Open,4,33.33%,-8,33.33%,12/12,0.00,Completed
D2 Stage: 15 Drum Solo,1,Dehan Lotz,Lotz,South Africa,Open,12,100.00%,0,100.00%,12/12,0.00,Completed
D2 Stage: 15 Drum Solo,2,Gerhard Slabbert,Gerhard,South Africa,Open,12,100.00%,0,100.00%,12/12,0.00,Completed
D2 Stage: 15 Drum Solo,3,Jeanette Coetzee,JeanetteCoetzee,South Africa,Ladies,12,100.00%,0,100.00%,12/12,0.00,Completed
D2 Stage: 15 Drum Solo,4,Kevin Goncalves,Kevo_,South Africa,Factory,12,100.00%,0,100.00%,12/12,0.00,Completed
D2 Stage: 15 Drum Solo,5,Malcolm  Coetzee,MalcolmCoetzee,South Africa,Open,12,100.00%,0,100.00%,12/12,0.00,Completed
D2 Stage: 15 Drum Solo,6,Pieter le Roux,gokinetix,South Africa,Factory,12,100.00%,0,100.00%,12/12,0.00,Completed
D2 Stage: 15 Drum Solo,7,Riaan  Kunneke ,Nunuz007,South Africa,Senior,12,100.00%,0,100.00%,12/12,0.00,Completed
D2 Stage: 15 Drum Solo,8,Andre Symington,JohanSym,South Africa,Senior,11,91.67%,-1,91.67%,12/12,0.00,Completed
D2 Stage: 15 Drum Solo,9,Asharuf  Moorad ,Asharuf,South Africa,Open,11,91.67%,-1,91.67%,12/12,0.00,Completed
D2 Stage: 15 Drum Solo,10,Glen Clark ,Glen,South Africa,Senior,11,91.67%,-1,91.67%,12/12,0.00,Completed
D2 Stage: 15 Drum Solo,11,Hugo Coetzee,kleinplasie15,South Africa,Open,11,91.67%,-1,91.67%,12/12,0.00,Completed
D2 Stage: 15 Drum Solo,12,Jaco Bosman,JacoBos,South Africa,Open,11,91.67%,-1,91.67%,12/12,0.00,Completed
D2 Stage: 15 Drum Solo,13,Johan Symington,asymington,South Africa,Junior,11,91.67%,-1,91.67%,12/12,0.00,Completed
D2 Stage: 15 Drum Solo,14,Kobus Swart,kobusswart31,South Africa,Open,11,91.67%,-1,91.67%,12/12,0.00,Completed
D2 Stage: 15 Drum Solo,15,Sean Graham,SeanGraham,South Africa,Open,11,91.67%,-1,91.67%,12/12,0.00,Completed
D2 Stage: 15 Drum Solo,16,Stelios Christofi,Stel,South Africa,Factory,11,91.67%,-1,91.67%,12/12,0.00,Completed
D2 Stage: 15 Drum Solo,17,Werner Walkinshaw,WernerWW,South Africa,Open,11,91.67%,-1,91.67%,12/12,0.00,Completed
D2 Stage: 15 Drum Solo,18,Wynand Brand,Wynand,South Africa,Open,11,91.67%,-1,91.67%,12/12,0.00,Completed
D2 Stage: 15 Drum Solo,19,Dumisani Shabangu,Dumisani,South Africa,Open,10,83.33%,-2,83.33%,11/12,0.00,Completed
D2 Stage: 15 Drum Solo,20,Grant Bower,GeeBee,South Africa,Factory,10,83.33%,-2,83.33%,12/12,0.00,Completed
D2 Stage: 15 Drum Solo,21,Greg  Sykes,Gregs,South Africa,Senior,10,83.33%,-2,83.33%,12/12,0.00,Completed
D2 Stage: 15 Drum Solo,22,Le Riche Coetzer Snr,Uncle_SAPRF,South Africa,Senior,10,83.33%,-2,83.33%,12/12,0.00,Completed
D2 Stage: 15 Drum Solo,23,Liezel Foot,TheFoot,South Africa,Ladies,10,83.33%,-2,83.33%,12/12,0.00,Completed
D2 Stage: 15 Drum Solo,24,Andre Steenkamp,andre_intouch,South Africa,Senior,9,75.00%,-3,75.00%,12/12,0.00,Completed
D2 Stage: 15 Drum Solo,25,Angelo van Zyl,AngeloZ,South Africa,Open,9,75.00%,-3,75.00%,12/12,0.00,Completed
D2 Stage: 15 Drum Solo,26,Handre van Niekerk,havn,South Africa,Factory,9,75.00%,-3,75.00%,11/12,0.00,Completed
D2 Stage: 15 Drum Solo,27,Andries Lategan,Lategan,South Africa,Senior,8,66.67%,-4,66.67%,12/12,0.00,Completed
D2 Stage: 15 Drum Solo,28,Marieke Van Rooyen,Marieke,South Africa,Ladies,8,66.67%,-4,66.67%,10/12,0.00,Completed
D2 Stage: 15 Drum Solo,29,Ignatius Lambert,Skurmonkel,South Africa,Open,6,50.00%,-6,50.00%,12/12,0.00,Completed